Service Name,Provider/Type,Deployment,Open Source,Multi-Variant,User Targeting,A/B Testing,Remote Config,Audit,RBAC,Cost Model,Best For
AWS AppConfig,AWS,SaaS Only,No,Yes,Yes,Via Evidently,Limited,Yes,Yes,Per Request,AWS-native applications
AWS CloudWatch Evidently,AWS,SaaS Only,No,Yes,Yes,Yes (specialized),No,Yes,Yes,Per Experiment,AWS experimentation
Azure App Configuration,Azure,SaaS Only,No,Yes,Yes,Limited,Limited,Yes,Yes,Per Transaction,Azure-native applications
Google Cloud (3rd-party),GCP,N/A,N/A,N/A,N/A,N/A,N/A,N/A,N/A,Via Partner,GCP applications
Optimizely Experimentation,Third-Party (GCP),SaaS,No,Yes,Yes,Yes,No,Yes,Yes,SaaS Pricing,GCP experimentation
OpenFeature Operator + flagd,Kubernetes,Self/Cloud,Yes,Yes,Yes,Yes,Yes,Yes,Yes,Free (self),Kubernetes-native
Unleash,Open Source,Self/SaaS,Yes,Yes,Yes,Yes,Limited,Yes,Yes,Seat-based,Cost-conscious teams
Flagsmith,Open Source,Self/SaaS,Yes,Yes,Yes,Yes,Yes,Yes,Yes,Seat-based,Full-stack needs
LaunchDarkly,SaaS,SaaS Only,No,Yes,Yes,Yes,Limited,Yes,Yes,MAU-based,Enterprise scale
Split.io,SaaS,SaaS Only,No,Yes,Yes,Yes (advanced),Limited,Yes,Yes,Per Seat,Experimentation focus
HashiCorp Consul,Infrastructure,Self/Cloud,Yes,Yes,Yes,Limited,No,Yes,Yes,Free (self),Infrastructure investment
Istio,Service Mesh,Self,Yes,No,No,Via Traffic Splitting,No,No,Yes,Free (self),Complex traffic patterns
Linkerd,Service Mesh,Self,Yes,No,No,Via Traffic Splitting,No,No,Yes,Free (self),Operational simplicity
