Tool Name,Type,Platform(s),Primary Language(s),Overhead,Cost,URL/Package,Key Features,Best For,Sampling/Instrumentation
perf,General-Purpose Sampler,Linux,All (system-wide),<5%,Open Source (Linux kernel),https://perf.wiki.kernel.org/,Hardware counters; CPU cycles; cache misses; software events; no recompilation,"Linux comprehensive profiling; system-wide analysis",Sampling
gprofng,Modern Profiler,Linux,C/C++/Java/Python/Fortran,<5%,Open Source (GNU),https://www.gnu.org/software/binutils/,"Hardware counter support; call graphs; GUI + CLI; memory profiling; multi-process","Modern Linux alternative to gprof; x86/ARM64 only",Sampling
gprof,Classic Profiler,Unix/Linux/macOS,C/C++,Variable,Open Source (GNU),https://sourceware.org/binutils/docs/gprof/,"Call graphs; flat profile; function timing; portable; requires -pg flag","Classic Unix environments; portable C/C++ profiling; aging codebase",Hybrid
OProfile,System-Wide Profiler,Linux,All (system-wide),<5%,Open Source,http://oprofile.sourceforge.net/,"System-wide profiling; kernel profiling; multi-process; detailed CPU reports","Linux system-wide view; all applications; kernel-level analysis",Sampling
Intel VTune Profiler,Hardware Profiler,Linux/Windows/macOS,C/C++/Java/Fortran,High,Free (Intel),https://www.intel.com/content/www/us/en/develop/tools/oneapi/components/vtune-profiler.html,"Microarchitecture analysis; GPU offload; I/O analysis; cache behavior; CPU pipeline; memory bandwidth","Hardware-level analysis; Intel processors; advanced optimization",Hybrid
Valgrind Suite,Dynamic Instrumentation,Linux,C/C++/Fortran,3-5x,Open Source (GPL),https://valgrind.org/,"Callgrind (call graphs); Massif (memory); Memcheck (errors); Cachegrind (cache); no recompilation needed","Deep C/C++ analysis; memory errors; cache profiling; development-focused",Instrumentation
Samply,Cross-Platform Sampler,macOS/Linux/Windows,Any (system-wide),<5%,Open Source,https://github.com/mstange/samply,"Sampling-based; Firefox Profiler UI; flame graphs; web-based; cross-platform","Cross-platform sampling; beautiful UI; modern approach",Sampling
cProfile,Python Profiler,Python,Python,10-50%,Built-in (Python stdlib),https://docs.python.org/3/library/profile.html,"Deterministic profiling; wall-clock + CPU time; call counts; function timing; high overhead distorts results","Python development profiling; detailed function metrics; NOT for production",Instrumentation
py-spy,Python Sampler,Linux/macOS/Windows,Python,1-2%,Open Source,https://github.com/benfred/py-spy,"Sampling-based; low-overhead; non-invasive; profiles running processes; native extensions; flame graphs; no code changes","Production Python; running processes; live profiling; low overhead",Sampling
line_profiler,Python Line Profiler,Python,Python,Variable,Open Source,https://github.com/pyutils/line_profiler,"Per-line timing; @profile decorator required; detailed per-line measurements","Python per-line analysis; finding hot lines; requires code decoration",Instrumentation
memory_profiler,Python Memory Profiler,Python,Python,Variable,Open Source,https://github.com/pythonprofilers/memory_profiler,"Per-line memory consumption; @profile decorator required; tracks memory at each line","Python memory analysis; line-by-line memory tracking; combined with CPU profiling",Instrumentation
py-flame (Pyflame),Python Sampler,Linux,Python,Low,Open Source,https://github.com/evanberkowitz/py-flame,"Statistical CPU profiler; flame graph output; minimal overhead","Python flame graphs; production-safe sampling",Sampling
py-perf (eBPF),Python eBPF Profiler,Linux,Python,<1%,Open Source,,"eBPF-based Python profiling; kernel-level tracing; advanced system analysis","Deep Python system analysis; kernel-level insights; Linux-only",Sampling
async-profiler,Java Sampler,Linux/macOS,Java,2-5%,Open Source,https://github.com/async-profiler/async-profiler,"Ultra-low overhead sampling; flame graphs; AsyncGetCallTrace; memory allocation; lock contention; JIT-friendly; web UI","Low-overhead Java profiling; production-safe; flame graphs",Sampling
Java Flight Recorder,Java Profiler,All platforms,Java,1-2%,Free (JDK 11+),https://docs.oracle.com/en/java/javase/,"Built-in continuous profiling; structured binary format (.jfr); thread analysis; memory allocation; method profiling; very low overhead","Built-in Java continuous profiling; zero-config; production-ready",Sampling
JProfiler,Commercial Java Profiler,Windows/Linux/macOS,Java,Variable,Commercial (free trial),https://www.ej-technologies.com/products/jprofiler/overview.html,"Instrumentation + sampling hybrid; comprehensive GUI; CPU + memory + threads; remote profiling; call tree visualization; IDE integration","Professional Java profiling; comprehensive features; commercial option",Hybrid
YourKit,Commercial Profiler,Windows/Linux/macOS,Java/.NET,<2%,Commercial (free for open source),https://www.yourkit.com/,"Low-overhead sampling; CPU + memory; memory leak detection; remote profiling; thread analysis; production-safe","Low-overhead production profiling; Java and .NET; excellent documentation",Sampling
VisualVM,Built-in Java Profiler,All platforms,Java,Low,Built-in (JDK),https://visualvm.github.io/,"Lightweight visual profiling; sampling + instrumentation; CPU + memory; heap dumps; GC visualization; thread analysis","Built-in lightweight option; no installation needed; basic profiling",Hybrid
clinic.js,Node.js Suite,All platforms,Node.js,<5%,Open Source,https://github.com/clinicjs/node-clinic,"Specialized Node.js tools: doctor (diagnosis); flame (CPU); bubbleprof (event loop); heapsnap (memory); interactive visualizations","Comprehensive Node.js profiling; event loop analysis; production-focused",Hybrid
0x,Node.js Sampler,All platforms,Node.js,<2%,Open Source,https://github.com/davidmarkclements/0x,"Simple sampling; flame graph generation; minimal setup; low overhead; cross-platform","Simple Node.js flame graphs; low overhead; easy setup",Sampling
Node.js Profiler,Built-in,All platforms,Node.js,Variable,Built-in (V8/Chrome),https://nodejs.org/en/docs/guides/nodejs-performance/,"V8 integration; Chrome DevTools; CPU hotspots; heap snapshots; allocation tracking; timeline profiling","Built-in Node.js profiling; Chrome DevTools integration; no external tools",Sampling
pprof,Go Profiler,All platforms,Go,<2%,Built-in (Go stdlib),https://golang.org/doc/diagnostics#profiling,"Built-in profiling; CPU + memory + goroutine + heap + mutex; web UI integration; flame graphs; go tool pprof CLI","Default Go profiling; language-integrated; built-in","Sampling
flamegraph,Rust Flame Graphs,Linux/macOS,Rust,<5%,Open Source,https://github.com/flamegraph-rs/flamegraph,"Rust wrapper around perf/DTrace; beautiful SVG flame graphs; cargo integration; minimal setup","Rust flame graphs; publication-quality; works with cargo",Sampling
cargo-flamegraph,Cargo Profiler,Linux/macOS,Rust,<5%,Open Source,cargo install flamegraph,"Cargo subcommand wrapper; simplifies flamegraph generation; calls underlying perf/DTrace","Rust profiling via cargo; easy integration",Sampling
stackprof,Ruby Sampler,All platforms,Ruby,1-2%,Open Source,https://github.com/tmm1/stackprof,"Lightweight sampling CPU profiler; low overhead; flame graph output; JSON format; production-safe; multiple sampling modes","Low-overhead Ruby profiling; production-ready; good documentation",Sampling
ruby-prof,Ruby Profiler,All platforms,Ruby,High,Open Source,https://github.com/ruby-prof/ruby-prof,"Deterministic profiler; time + memory + allocations; multiple output formats (flat/graph/HTML); call graphs","Detailed Ruby analysis; development-focused; comprehensive metrics",Instrumentation
fb-sampling-profiler,Facebook Ruby Profiler,Linux/macOS,Ruby,<2%,Open Source (Facebook),https://github.com/facebookarchive/ruby-jit-sampling-profiler,"Facebook's lightweight sampling profiler; C extension; minimal runtime impact","Facebook-engineered Ruby profiling; low overhead",Sampling
Xdebug,PHP Profiler,All platforms,PHP,High,Open Source (PECL),https://xdebug.org/,"Function-level profiling; cachegrind output format; step debugging; code coverage; IDE integration","Comprehensive PHP debugging + profiling; IDE integration; high overhead",Instrumentation
Xhprof / Tideways,PHP Profiler,All platforms,PHP,Variable,Open Source (Xhprof) / Commercial (Tideways),https://tideways.com/,"Hierarchical function profiling; call graphs; memory tracking; web UI available; originally Facebook","Purpose-built PHP profiling; good visualization; open source and commercial options",Instrumentation
Blackfire,Commercial PHP Profiler,SaaS,PHP,<2%,Commercial (free tier),https://www.blackfire.io/,"Sampling-based profiling; web UI; CI/CD integration; performance comparison; remote profiling; low overhead","Commercial PHP profiling; CI/CD integration; professional UI",Sampling
Visual Studio Profiler,Visual Studio Profiler,.NET/Windows,C#/.NET,Variable,"Built-in (Visual Studio Community/Pro)",https://learn.microsoft.com/en-us/visualstudio/profiling/,"Instrumentation + sampling hybrid; CPU + memory + concurrency; timeline visualization; call tree; IDE integration","Built-in .NET IDE profiler; comprehensive features",Hybrid
dotTrace,JetBrains Profiler,Windows/macOS/Linux,.NET,Variable,Commercial (JetBrains),https://www.jetbrains.com/profiler/,"Timeline + sampling modes; SQL query tracking; HTTP request analysis; GC tracking; I/O analysis; remote profiling","Professional .NET profiler; tracks high-level operations; commercial",Hybrid
CLR Profiler,Legacy .NET Profiler,Windows,C#/.NET,Variable,Open Source (legacy),https://github.com/Microsoft/clr-md,"Memory allocation tracking; GC analysis; visual memory representation; heap dump analysis; legacy tool","Memory-focused .NET analysis; legacy codebases",Instrumentation
New Relic,SaaS APM,Cloud,Multi (Python/Node.js/Go/Ruby/PHP/Java/.NET),<5%,Commercial (free tier: 100GB/month),https://newrelic.com/,"CPU profiling with flame graphs; method-level timing; transaction profiling; remote profiling; real-time + historical analysis; custom instrumentation","Cloud APM with profiling; good visualization; multi-language support",Sampling
Datadog,SaaS APM,Cloud,Multi (Python/Node.js/Go/Ruby/PHP/Java/.NET),<5%,Commercial (free trial),https://www.datadoghq.com/,"Continuous CPU profiling; flame graphs; service dependency mapping; method-level analysis; production profiling; code hotspot identification","Cloud APM with flame graphs; excellent visualization; integrated tracing",Sampling
Prometheus + Grafana,Open Source Metrics,Self-hosted,Multi,Variable,Open Source,https://prometheus.io/,"Pull-based metrics; integration with pprof format; works with continuous profilers; node_exporter for system metrics; flexible integration","Self-hosted metrics + visualization; flexible; pair with profilers",N/A
Google Cloud Profiler,GCP Profiler,GCP,Multi (Python/Node.js/Go/Java/PHP),<2%,Included (GCP),https://cloud.google.com/profiler/docs,"Continuous CPU profiling; memory allocation profiling; flame graph visualization; cloud integration; low overhead; multi-language","Cloud-native profiling; low overhead; GCP integration",Sampling
Elastic APM,Open Source/Commercial APM,Self-hosted,Multi (Python/Node.js/Go/Ruby/PHP/Java/.NET/C++),Variable,Open Source / Commercial,https://www.elastic.co/observability/application-performance-monitoring,"CPU + memory profiling; distributed tracing; Kibana visualization; self-hosted or managed; comprehensive stack","Open source APM option; Elastic Stack integration; self-hosted",Sampling
Grafana Tempo,Distributed Tracing,Self-hosted,Multi,Variable,Open Source,https://grafana.com/oss/tempo/,"Distributed tracing backend; works with pprof; integrates with Prometheus/Grafana; links traces to profiles; flame graph support","Distributed tracing with profiling integration; Prometheus ecosystem",N/A
Azure Application Insights,Microsoft APM,Azure,Multi (Python/Node.js/Java/.NET),Variable,Commercial (Microsoft),https://learn.microsoft.com/en-us/azure/azure-monitor/app/app-insights-overview,"CPU + memory profiling; transaction analysis; dependency mapping; Azure integration","Microsoft cloud profiling; Azure integration; similar to New Relic",Sampling
Systemtap,Dynamic Tracing Framework,Linux,Any (system-wide),Variable,Open Source,https://sourceware.org/systemtap/,"Dynamic instrumentation framework; custom tracing scripts; kernel + user-space tracing; real-time data collection; minimal code modification","Custom Linux instrumentation; powerful analysis; steep learning curve",Instrumentation
DTrace,Dynamic Tracing Framework,macOS/BSD/Solaris,Any (system-wide),Low,Open Source (part of OS),https://www.brendangregg.com/dtrace.html,"Custom probe placement; low-overhead instrumentation; kernel + user-space; D language for scripts; OS-integrated","Custom BSD/macOS tracing; OS-integrated; low overhead",Instrumentation
Intel Pin,Dynamic Binary Instrumentation,Linux/Windows/macOS,Any (binary-level),High,Free (Intel),https://www.intel.com/content/www/us/en/developer/tools/oneapi/components/pin.html,"Binary-level instrumentation; no source code needed; language-agnostic; customizable analysis (Pintool)","Binary-level analysis; no recompilation; flexible",Instrumentation
Magic Trace,CPU Trace Tool,Linux,Compiled languages,Very High,Open Source (Facebook),https://github.com/facebookresearch/magictrace,"High-resolution instruction-level traces; detailed CPU behavior; large trace files; specialized use","Maximum detail for CPU behavior analysis; instruction-level",Instrumentation
Firefox Profiler,Web UI,Web-based,Any,N/A,Open Source,https://profiler.firefox.com/,"Built-in Firefox profiler; web-based UI; timeline visualization; flame graph support; integrates with profiling tools","Web UI for trace visualization; beautiful interface; open source",N/A
Heaptrack,Memory + CPU,Linux,C/C++,Variable,Open Source,https://github.com/KDE/heaptrack,"Heap memory profiling; CPU profiling; flame graphs; GC visualization; allocation tracking","Combined memory + CPU analysis; Linux-focused",Hybrid
Conprof,Continuous Profiler,All platforms,Multi,Variable,Open Source,https://github.com/conprof/conprof,"Prometheus-compatible continuous profiling; time-series profiling data; Grafana visualization; multi-language via agents","Prometheus ecosystem integration; smaller community",Sampling
Parca,Continuous eBPF Profiler,Linux,Compiled languages (C/C++/Go/Rust),<1%,Open Source,https://github.com/parca-dev/parca,"eBPF-based continuous profiling; low-overhead collection; historical data retention; flame graphs; Kubernetes integration; no code changes","Production continuous profiling; open source; eBPF-based; compiled languages",Sampling
Pyroscope,Continuous Multi-Language Profiler,All platforms,Multi (Python/Go/Ruby/Node.js/Java/.NET/Rust/PHP),<2%,Open Source / Commercial,https://github.com/pyroscope-io/pyroscope,"SDK-based continuous profiling; multi-language support; profile comparison; flame graphs; tag-based filtering; Docker/Kubernetes ready; active development","Multi-language production profiling; SDKs; active development",Sampling
