Name,Category,Type,Primary Use,Bundle Size,Learning Curve,Customization,Enterprise Ready,Accessibility,Mobile Ready,JavaScript Required,Community Size,Latest Version,Status,Website
Tailwind CSS,Utility-First Framework,Framework,Modern Web Apps,Small,Medium,Very High,Excellent,Good,Excellent,Minimal,Very Large,Tailwind CSS 4,Market Leader,https://tailwindcss.com
Bootstrap,Component Framework,Framework,Rapid Prototyping,Large,Low,Medium,Excellent,Good,Excellent,Required,Very Large,Bootstrap 6,Industry Standard,https://getbootstrap.com
Foundation,Enterprise Framework,Framework,Enterprise Apps,Large,Medium,High,Excellent,Excellent,Excellent,Required,Medium,Foundation 6+,Enterprise Grade,https://get.foundation
UIkit,Balanced Framework,Framework,Mid-Scale Projects,Medium,Medium,Medium,Good,Good,Excellent,Required,Medium,UIkit 3,Active,https://getuikit.com
Bulma,Lightweight Framework,Framework,Modern Projects,Small,Low,Medium,Good,Good,Excellent,Minimal,Medium,Bulma 1.0,Lightweight,https://bulma.io
Pure.css,Ultra-Lightweight,Framework,Static Sites,XSmall,Low,Low,Fair,Fair,Good,None,Small,Pure.css 1.0,Ultra-Lightweight,https://purecss.io
UnoCSS,Atomic CSS Engine,Framework,Performance Apps,XSmall,Medium,Very High,Good,Good,Good,Minimal,Growing,UnoCSS Latest,Next-Gen,https://unocss.dev
WindiCSS,Atomic CSS Engine,Framework,Performance Apps,XSmall,Medium,High,Good,Good,Good,Minimal,Growing,WindiCSS Latest,Alternative,https://windicss.org
Open Props,Utility Variables,Framework,Minimalist Apps,Small,Medium,High,Good,Good,Good,None,Small,Open Props Latest,Utility-First,https://open-props.style
Tachyons,Atomic CSS,Framework,Simple Projects,Small,Low,Medium,Fair,Good,Good,Minimal,Medium,Tachyons Latest,Pioneering,https://tachyons.io
Material Design 3,Design System,System,Android/Web Apps,Varies,Medium,High,Excellent,Excellent,Excellent,Varies,Very Large,Material Design 3+,Google Standard,https://m3.material.io
Material-UI (MUI),React Component Library,Library,React Apps,Large,Medium,High,Excellent,Good,Excellent,Yes,Very Large,MUI 6+,Market Leader,https://mui.com
Chakra UI,React Component Library,Library,React Apps,Medium,Low,Very High,Good,Excellent,Good,Yes,Large,Chakra UI Latest,Popular,https://chakra-ui.com
Mantine,React UI Framework,Framework,React Apps,Large,Low,Very High,Good,Good,Good,Yes,Medium,Mantine Latest,Feature-Rich,https://mantine.dev
shadcn/ui,Headless Components,Library,Custom Design Systems,Small,Medium,Very High,Good,Excellent,Good,Yes,Very Large,shadcn/ui Latest,Rapidly Growing,https://ui.shadcn.com
Ant Design,Enterprise React Library,Library,Enterprise React Apps,Large,Medium,High,Excellent,Good,Excellent,Yes,Large,Ant Design 5+,Enterprise Popular,https://ant.design
React Aria,Headless Hooks,Library,Custom Components,Small,Medium-High,Very High,Good,Excellent,Good,Yes,Medium,React Aria Latest,Adobe-Backed,https://react-spectrum.adobe.com
Headless UI,Unstyled Components,Library,Custom Styling,Small,Medium,Very High,Good,Excellent,Good,Minimal,Medium,Headless UI 2.0,Utility-Based,https://headlessui.com
Vuetify,Vue Component Library,Library,Vue Apps,Large,Medium,High,Good,Good,Excellent,Yes,Large,Vuetify 4+,Vue Standard,https://vuetifyjs.com
Naive UI,Vue 3 Library,Library,Vue 3 Apps,Medium,Medium,High,Good,Good,Good,Yes,Medium,Naive UI Latest,Modern Vue,https://www.naiveui.com
Angular Material,Angular Library,Library,Angular Apps,Large,Medium,High,Good,Good,Excellent,Yes,Large,Angular Material Latest,Google-Backed,https://material.angular.io
Shoelace,Web Components,Library,Framework-Agnostic,Medium,Low,High,Good,Excellent,Good,Minimal,Growing,Shoelace Latest,Platform-Agnostic,https://shoelace.style
Spectrum Web Components,Web Components,Library,Framework-Agnostic,Medium,Medium,High,Good,Excellent,Good,Minimal,Medium,Spectrum Web Components Latest,Adobe-Backed,https://opensource.adobe.com/spectrum-web-components
Fluent Design System,Design System,System,Microsoft Apps,Varies,Medium,High,Excellent,Excellent,Excellent,Varies,Medium,Fluent Design 3,Microsoft Standard,https://www.microsoft.com/design/fluent
Carbon Design System,Design System,System,IBM Enterprise,Varies,Medium,High,Excellent,Excellent,Excellent,Varies,Medium,Carbon Latest,IBM Enterprise,https://www.carbondesignsystem.com
Apple Liquid Glass,Design System,System,Apple Apps,N/A,N/A,N/A,Excellent,Excellent,Excellent,N/A,Internal,iOS 26+,Apple Latest 2025,https://developer.apple.com/design
CSS Modules,Scoped CSS,Methodology,Component Apps,Variable,Medium,High,Good,N/A,N/A,No,Standard,CSS Standard,Component-Based,https://github.com/css-modules/css-modules
BEM,Naming Convention,Methodology,Large Projects,Variable,Medium,High,Excellent,N/A,N/A,No,Industry Standard,BEM Standard,Industry Standard,https://bem.info
SMACSS,Architecture Methodology,Methodology,Scalable Projects,Variable,Medium,High,Good,N/A,N/A,No,Standard,SMACSS Standard,Proven,https://smacss.com
ITCSS,Architecture Methodology,Methodology,Enterprise Projects,Variable,High,Very High,Excellent,N/A,N/A,No,Growing,ITCSS Standard,Advanced,https://itcss.io
OOCSS,Architecture Methodology,Methodology,Large Projects,Variable,Medium,High,Good,N/A,N/A,No,Standard,OOCSS Standard,Foundational,N/A
Atomic CSS,Architecture Methodology,Methodology,Any Project,Variable,Medium,Very High,Good,N/A,N/A,No,Growing,Atomic CSS Standard,Foundation,https://atomicdesign.bradfrost.com
styled-components,CSS-in-JS,Library,React Apps,Medium,Medium,High,Good,Fair,Good,Yes,Very Large,styled-components Latest,Declining,https://styled-components.com
Emotion,CSS-in-JS,Library,React Apps,Medium,Medium,High,Good,Fair,Good,Yes,Large,Emotion Latest,Declining,https://emotion.sh
Vanilla Extract,Zero-Runtime CSS,Library,Static CSS,Small,High,Very High,Good,N/A,N/A,No,Growing,Vanilla Extract Latest,Rising,https://vanilla-extract.style
Figma Design System,Design Platform,Platform,Design Systems,N/A,Low-Medium,Very High,Excellent,Good,Good,Web-Based,Very Large,Figma Latest 2025,Industry Standard,https://www.figma.com
Tokens Studio,Token Management,Tool,Design Tokens,N/A,Medium,Very High,Excellent,N/A,N/A,Web-Based,Growing,Tokens Studio Latest,Leading Tool,https://tokens.studio
Design Tokens W3C,Specification,Standard,Design Systems,N/A,Medium-High,N/A,Excellent,N/A,N/A,N/A,Industry,Design Tokens 2025.10,First Stable,https://www.w3.org/community/design-tokens
Storybook,Documentation Tool,Tool,Component Documentation,N/A,Low,N/A,Excellent,N/A,N/A,Yes,Very Large,Storybook 8+,Industry Standard,https://storybook.js.org
