Language,Library Name,Status,Type,Key Strength,Bundle Size Impact,Timezone Support,Immutable,Best For,GitHub/Source,Notes
JavaScript/TypeScript,Day.js,Standard for modern projects,Third-party,2KB minified; plugin system,Minimal,Native Date-compatible,Yes,Bundle-conscious apps,https://github.com/iamkun/dayjs,Most popular for new projects
JavaScript/TypeScript,date-fns,Industry standard,Third-party,Tree-shakeable; modular,Minimal with selective imports,Via plugins,Yes,Functional programming; modularity,https://github.com/date-fns/date-fns,70+ locales; excellent TypeScript
JavaScript/TypeScript,Luxon,Modern alternative,Third-party,Immutable; uses Intl API,Reasonable,Built-in IANA TZ,Yes,Production apps; timezone-heavy,https://github.com/moment/luxon,Created by Moment.js maintainer
JavaScript/TypeScript,Moment.js,Legacy standard,Third-party,Comprehensive docs,Large; bundle size concern,Requires moment-timezone,No,Existing projects only,https://github.com/moment/moment,Not recommended for new projects
JavaScript/TypeScript,Tempo,Modern alternative,Third-party,~2KB; tree-shakeable,Minimal,Uses Intl.DateTimeFormat,Yes,Modern TS apps; timezone ops,https://github.com/formkit/tempo,Newer; growing support
JavaScript/TypeScript,Spacetime,Specialized,Third-party,Timezone awareness,Small,Full DST support,No,Global scheduling; cross-timezone,https://github.com/spencermountain/spacetime,Handles hemispheric DST rules
Python,datetime,Standard (built-in),Standard Library,C-optimized; fast,None,Requires pytz/zoneinfo,Yes,All Python projects,https://docs.python.org/3/library/datetime.html,Baseline performance
Python,Pendulum,Modern alternative,Third-party,Fluent API; developer-friendly,Small,Built-in timezone-aware,Yes,Development-focused projects,https://github.com/sdispater/pendulum,2-3x slower than datetime
Python,Arrow,Popular alternative,Third-party,Simple API; intuitive,Small,Built-in timezone-aware,No,Web apps; logging; conversions,https://github.com/arrow-py/arrow,Humanize feature; good for APIs
Python,python-dateutil,Standard extension,Third-party,Relative parsing; RRuleParser,Small,Full IANA support,No,Data processing; ETL; parsing,https://github.com/dateutil/dateutil,Works seamlessly with datetime
Python,pytz,Timezone standard,Third-party,Comprehensive TZ database,Medium (embedded TZ DB),Full IANA TZ Database,Yes,Legacy projects; timezone ops,https://github.com/stub/pytz,Heavy; being replaced by zoneinfo
Python,zoneinfo,Built-in (3.9+),Standard Library,Modern; lightweight,None,IANA TZ Database built-in,Yes,New projects (Python 3.9+),https://docs.python.org/3/library/zoneinfo.html,Preferred over pytz
Java,java.time,Standard (built-in),Standard Library,Immutable; comprehensive; ISO 8601,None,Full IANA TZ support,Yes,All new Java projects,https://docs.oracle.com/javase/8/docs/api/java/time/package-summary.html,Baseline since Java 8
Java,Joda-Time,Legacy,Third-party,Mature; proven,Medium,Full TZ support,Yes,Legacy projects only,https://www.joda.org/joda-time/,Superseded by java.time
Java,ThreeTenBP,Backport,Third-party,java.time for old Java,Small,Full IANA TZ support,Yes,Java 6-7 legacy projects,https://github.com/ThreeTenBP/threetenbp,Not recommended; obsolete target
Go,time,Standard (built-in),Standard Library,Built-in TZ database; efficient,None,IANA TZ built-in,Yes,All Go applications,https://golang.org/pkg/time/,Reference time format: Mon Jan 2 15:04:05
Go,dateutil,Parsing utility,Third-party,Flexible date parsing,Minimal,Via parsing,Yes,User input parsing,https://pkg.go.dev/github.com/tebeka/go-dateutil,Niche use; rarely needed
Go,iso8601,Specialized parser,Third-party,Efficient; no regex,Minimal,Via parsing,Yes,Performance-critical parsing,https://github.com/relvacode/iso8601,Very specialized use case
Rust,Jiff,Emerging standard,Third-party,Safe DST arithmetic; full TZ,Small,Full geographical TZ info,Yes,New Rust projects,https://github.com/BurntSushi/jiff,Community consensus: new projects
Rust,chrono,Established standard,Third-party,Mature; comprehensive,Medium,Via chrono-tz crate,Yes,Existing projects; wide support,https://github.com/chronos-rs/chrono,May be superseded by jiff
Rust,time,Established crate,Third-party,Clean API; efficient,Small,Via offset only,Yes,Simple offset needs; no DST,https://github.com/time-rs/time,Cannot handle DST safely
Ruby,Time,Standard (built-in),Standard Library,Microsecond precision; efficient,None,Native TZ support,Yes,All modern Ruby projects,https://ruby-doc.org/core-2.6.8/Time.html,Recommended for all new code
Ruby,Date,Lightweight,Standard Library,Calendar dates only,None,No TZ support,Yes,Date-only fields,https://ruby-doc.org/stdlib-2.6.1/libdoc/date/rdoc/Date.html,Lower overhead than Time
Ruby,DateTime,Legacy,Standard Library,Fractional precision; wide range,None,TZ support available,Yes,Historical date calculations only,https://ruby-doc.org/stdlib-2.6.1/libdoc/date/rdoc/DateTime.html,Slower; not recommended
Ruby,ActiveSupport,Rails extension,Third-party,Chainable methods; readable,Small,TZ support,Yes,Rails applications,https://guides.rubyonrails.org/active_support_core_extensions.html,Makes date ops more intuitive
PHP,DateTime,Standard (built-in),Standard Library,Native PHP solution,None,TZ support available,No (mutable),Minimal projects only,https://www.php.net/manual/en/class.datetime.php,Unintuitive behavior; mutable
PHP,Carbon,Industry standard,Third-party,Developer-friendly; chainable,Small,Full timezone support,No (mutable),Web applications; Laravel,https://github.com/briannesbitt/carbon,Most popular PHP choice
PHP,Chronos,Modern alternative,Third-party,Immutable by default; no deps,Small,Full timezone support,Yes,Immutability-first projects,https://github.com/cakephp/chronos,Fixes PHP core inconsistencies
C#,DateTimeOffset,Recommended standard,Built-in,Stores UTC offset; safe,None,UTC offset support,Yes,Production applications,https://learn.microsoft.com/en-us/dotnet/api/system.datetimeoffset,Preferred over DateTime
C#,DateTime,Legacy standard,Built-in,Simple; fast,None,No TZ info stored,Yes,Simple scenarios only,https://learn.microsoft.com/en-us/dotnet/api/system.datetime,Does NOT store timezone
C#,TimeZoneInfo,Timezone helper,Built-in,IANA TZ database,None,Full IANA TZ support,Yes,Timezone conversions,https://learn.microsoft.com/en-us/dotnet/api/system.timezoneinfo,Works with DateTime/DateTimeOffset
C#,TimeSpan,Duration helper,Built-in,Time intervals; arithmetic,None,Not applicable,Yes,Elapsed time; timeouts,https://learn.microsoft.com/en-us/dotnet/api/system.timespan,Interval representation
C#,DateOnly,Modern type,Built-in (NET 6+),Date component only,None,No TZ,Yes,APIs; date-only fields,https://learn.microsoft.com/en-us/dotnet/api/system.dateonly,NET 6+ only
C#,TimeOnly,Modern type,Built-in (NET 6+),Time component only,None,No TZ,Yes,APIs; time-only fields,https://learn.microsoft.com/en-us/dotnet/api/system.timeonly,NET 6+ only
C#,NodaTime,Alternative library,Third-party,Advanced datetime logic,Small,Full IANA TZ support,Yes,Specialized complex scenarios,https://github.com/nodatime/nodatime,Reduced relevance since .NET 6
