Tool,Category,Type,CLI,API,CI/CD,Git Scanning,Docker/K8s,Local Dev,Open Source,Primary Use Case,Best For
Doppler,Password Manager,SaaS,✓,✓,Native,Basic,Env injection,Projects,✗,End-to-end secret management,Rapid CI/CD integration
Infisical,Password Manager,SaaS/Self-hosted,✓,✓,Native,Supported,Dynamic secrets,Web/CLI,✓,Centralized secret storage,Teams wanting self-hosted control
HashiCorp Vault,Password Manager,Self-hosted/Enterprise,✓,✓,Dynamic secrets,Via integrations,K8s auth,Local server mode,✓,Enterprise secret lifecycle,Multi-cloud enterprises
Akeyless,Password Manager,SaaS/Cloud-native,✓,✓,Native,Supported,Container-native,Dashboard + API,✗,Zero-trust secret delivery,Cloud-native teams
1Password,Password Manager,SaaS,✓ (op),✓,Native,Supported,Container injection,Desktop + CLI,Partial,Password manager + secrets,Existing 1Password users
GitGuardian,Scanner,SaaS,✓ (ggshield),✓,Real-time scanning,Real-time scanning,Container checks,IDE/CLI detection,✗,Secret detection & prevention,Preventing secret leaks
Cycode,Scanner,SaaS,✓,✓,SDLC-wide,Code + git scanning,Container/infra detection,Unified platform,✗,AI-powered secret detection,Full-pipeline visibility
CyberArk Conjur,Password Manager,SaaS/Self-hosted,✓,✓,Policy-as-code,Via integrations,K8s service accounts,Local mode,Partial,Container-native access control,Enterprise K8s deployments
AWS Secrets Manager,Cloud-native,SaaS,✓,✓,IAM/OIDC,—,CSI Driver,AWS console,✗,AWS-native secret storage,AWS-first organizations
Azure Key Vault,Cloud-native,SaaS,✓,✓,RBAC/OIDC,—,Pod Identity/OIDC,Portal + CLI,✗,Azure-native key storage,Azure-first organizations
GCP Secret Manager,Cloud-native,SaaS,✓,✓,IAM/OIDC,—,Workload Identity,API access,✗,GCP-native versioned secrets,GCP-first organizations
Docker Secrets,Container,Container runtime,✓,✓,Swarm-native,—,Swarm only,Swarm mode,✓,Container-local secret transmission,Docker Swarm users
Sealed Secrets,K8s,K8s Controller,✓ (kubeseal),✓,GitOps-ready,—,K8s-native,minikube/kind,✓,Git-committable encrypted secrets,GitOps workflows
External Secrets Operator,K8s,K8s Controller,✓,✓,Syncs from vaults,—,K8s-native,K8s clusters,✓,Dynamic vault integration,Cloud-native vaults
sops (mozilla),Encryption,CLI tool,✓,—,Git-friendly,—,Config files,File encryption,✓,Encrypted secret files in Git,Secure GitOps storage
direnv,Environment,CLI tool,✓,—,Via .envrc,—,Local file-based,Per-directory env,✓,Automatic env var loading,Per-project secret isolation
pass,Password Store,CLI tool,✓,—,Git backing,—,Individual files,UNIX password store,✓,Personal password management,Individual developers
gopass,Password Store,CLI tool,✓,—,Git-synced,—,Hierarchical stores,Local storage,✓,Team password management,Team password sharing
age,Encryption,CLI tool,✓,—,Lightweight,—,Individual files,File encryption,✓,Modern GPG replacement,Lightweight file encryption
blackbox,Encryption,CLI tool,✓,—,File encryption,—,Individual files,Git storage,✓,Team secret file sharing,Team secret files in Git
Trufflehog,Scanner,CLI tool,✓,✓,CI/CD scanning,Real-time scanning,Container scanning,Source code,✓,Secret detection in repos,Prevention in source control
Confidant,Password Manager,Self-hosted,—,✓,AWS integration,—,DynamoDB backend,Web interface,Partial,KMS-encrypted secret storage,AWS teams needing compliance
StrongDM,Infrastructure,SaaS,—,✓,Dynamic credentials,Supported,Infrastructure access,Platform,✗,Infrastructure access + secrets,Infrastructure teams
Xygeni,DevSecOps,SaaS,—,✓,DevSecOps-wide,Supported,Container/infra,Unified platform,✗,Secret lifecycle management,Unified secret visibility
Bitwarden,Password Manager,SaaS/Self-hosted,✓,✓,Via plugins,—,Local vault,Desktop app,✓,Team password manager,Open-source password management
Gitleaks,Scanner,CLI tool,✓,—,CI/CD scanning,Regex-based scanning,Container scanning,Source code,✓,Fast parallel secret scanning,High-performance scanning
detect-secrets,Scanner,CLI tool,✓,—,Pre-commit integration,Baseline management,—,Source code,✓,Pre-commit hook scanning,Developer-side prevention
git-secrets,Scanner,CLI tool,✓,—,Pre-commit/pre-push hooks,Regex pattern matching,—,Source code,✓,Simple secret prevention,AWS-based scanning
SecretScanner,Scanner,CLI tool,✓,—,GitHub/GitLab integration,Pattern-based scanning,—,Source code,✓,Codebase secret scanning,130+ secret patterns
Vault Agent Injector,K8s,K8s Controller,—,—,Dynamic secrets,—,K8s-native,minikube,✓,Pod-level secret injection,HashiCorp Vault environments
Podman Secrets,Container,Container runtime,✓,—,Podman-native,—,Podman-only,Single-machine,✓,Container secret storage,Podman users
KeePassXC,Password Store,Desktop,✓,—,—,—,Offline database,Desktop app,✓,Offline password database,Offline password management
Aqua Trivy,Scanner,CLI tool,✓,—,CI/CD scanning,Git repo scanning,Container image scanning,Source code,✓,Vulnerability + secret scanning,Fast pipeline scanning
