Category,Name,Type,Status,Key Features,Best For,Protocol Support,Language Support,License,URL
Standard,OpenTelemetry,Framework,CNCF Incubating,Unified instrumentation + metrics + logs; Semantic conventions; Multi-language,Modern cloud-native stacks; Polyglot environments,OTLP/gRPC + HTTP,"Java, Python, Go, Node.js, Rust, .NET, Ruby, PHP, Swift, Kotlin",Apache 2.0,https://opentelemetry.io/
Protocol,OTLP,Protocol,CNCF Standard,"gRPC (binary, efficient) and HTTP (JSON/protobuf); Unified data model",OpenTelemetry ecosystem; high-throughput systems,"gRPC, HTTP/1.1, HTTP/2","Language-agnostic",Apache 2.0,https://opentelemetry.io/docs/specs/otel/protocol/
Standard,W3C Trace Context,HTTP Standard,W3C Level 1 (Rec) + Level 2 (Candidate),"traceparent + tracestate headers; cross-vendor interoperability",HTTP-based microservices; vendor-neutral propagation,"HTTP headers, gRPC headers","Language-agnostic",W3C,https://www.w3.org/TR/trace-context/
Legacy,OpenTracing,Specification,CNCF Archived,"Span + trace model; baggage propagation; vendor-neutral",Legacy systems; migration path to OpenTelemetry,"Custom implementations",Multiple,Apache 2.0,https://opentracing.io/
Legacy,OpenCensus,Framework,Merged into OpenTelemetry,"Metrics + tracing; Google-led; pre-OpenTelemetry standard",Legacy systems; migration to OpenTelemetry,"Custom implementations","Go, Java, Python, Node.js",Apache 2.0,https://github.com/census-instrumentation/opencensus-go
Backend,Jaeger,Tracing Backend,CNCF Graduated,"Adaptive sampling; service maps; flexible queries; v2 native OTLP","Enterprise microservices; complex troubleshooting; attribute-based search",OTLP + Jaeger Thrift + Zipkin,Go (server),Apache 2.0,https://www.jaegertracing.io/
Backend,Zipkin,Tracing Backend,Community-Maintained,"Simplicity; maturity; basic visualization; JSON-based protocol",Legacy systems; minimal infrastructure; small-scale deployments,Zipkin JSON + OTLP + Jaeger,Java (server),Apache 2.0,https://zipkin.io/
Backend,Grafana Tempo,Tracing Backend,CNCF Incubating,"Object storage only; 10-100x cheaper; 100% sampling; Grafana integration","Cost-sensitive; high-volume tracing; Prometheus/Loki users",OTLP + Jaeger + Zipkin,Go (server),AGPL 3.0,https://grafana.com/oss/tempo/
Backend,SigNoz,Full Observability,Open-Source + SaaS,"OTel-native; traces + metrics + logs; simple deployment; developer-friendly",Dev teams; full-stack observability; cost-conscious,OTLP,Multiple,Apache 2.0,https://signoz.io/
Backend,SkyWalking,APM Platform,Apache Incubating,"Auto-instrumentation; APM-focused; eBPF integration; large-scale",Large-scale microservices; eBPF environments,OTLP + Skywalking protocol,Multiple,Apache 2.0,https://skywalking.apache.org/
Backend,Uptrace,Tracing Backend,Open-Source + SaaS,"Developer-friendly UI; simple setup; OTel-native; good docs",Quick onboarding; small-to-medium teams; developer experience,OTLP,Multiple,Apache 2.0,https://uptrace.dev/
SaaS,Datadog APM,Managed Service,Commercial,"AI-driven insights; full-stack integration; service maps","Enterprise DevOps; microservices troubleshooting",OTLP + Datadog agent,Multiple,Proprietary,https://www.datadoghq.com/
SaaS,New Relic APM,Managed Service,Commercial,"Full-stack observability; APM analytics; multi-cloud","Enterprise multi-cloud; comprehensive monitoring",OTLP + New Relic protocol,Multiple,Proprietary,https://newrelic.com/
SaaS,Elastic APM,Managed Service,Commercial,"Elasticsearch integration; traces + metrics + logs; ML-powered",Elasticsearch users; integrated observability,OTLP,Multiple,Proprietary,https://www.elastic.co/observability/apm
SaaS,Honeycomb,Managed Service,Commercial,"High-speed querying; incident response focus; BubbleUp","High-performance cloud apps; observability-driven engineering",OTLP + Custom SDK,Multiple,Proprietary,https://www.honeycomb.io/
SaaS,Dash0,Managed Service,Commercial,"AI/ML insights; low-overhead; ranked top 2025","AI workloads; cloud-native applications",OTLP,Multiple,Proprietary,https://dash0.com/
SaaS,Google Cloud Trace,Managed Service,Commercial,"GCP integration; Cloud Run + GKE auto-instrumentation; SLO monitoring","Google Cloud deployments; cloud-native apps",OTLP + GCP agents,Multiple,Proprietary,https://cloud.google.com/trace
SaaS,AWS X-Ray,Managed Service,Commercial,"AWS service integration; service maps; local caching","AWS-centric deployments; Lambda functions",Proprietary + OTLP,Multiple,Proprietary,https://aws.amazon.com/xray/
SaaS,Dynatrace,Managed Service,Commercial,"PurePath tracing; AI (Davis engine); auto-instrumentation; hybrid-cloud","Enterprise hybrid-cloud; full-stack APM",OTLP + Dynatrace agents,Multiple,Proprietary,https://www.dynatrace.com/
SaaS,IBM Instana,Managed Service,Commercial,"AI anomaly detection; dependency maps; hybrid environments","Enterprise hybrid; root cause analysis",OTLP + Instana agents,Multiple,Proprietary,https://www.instana.com/
SaaS,Grafana Cloud Tempo,Managed Service,Commercial,"Managed Tempo in cloud; integrated with metrics/logs; cost-optimized","Grafana ecosystem users; cost-conscious scale",OTLP,Agnostic,Commercial,https://grafana.com/products/cloud/
Component,OpenTelemetry Collector,Data Pipeline,CNCF,"Receives, processes, exports telemetry; sampling; filtering; batching",Central telemetry aggregation; data pipeline,OTLP + multiple receivers,Go,Apache 2.0,https://opentelemetry.io/docs/collector/
Tool,Prometheus,Metrics System,CNCF Graduated,"Time-series metrics; exemplar support linking to traces","Metrics collection; exemplar-based trace linking",OpenTelemetry exporters,Go,Apache 2.0,https://prometheus.io/
Tool,Grafana Loki,Log Aggregation,CNCF Incubating,"Log aggregation; trace ID extraction; integration with Tempo/Prometheus","Log-based trace discovery; unified observability",OTLP + Log receivers,Go,AGPL 3.0,https://grafana.com/oss/loki/
Tool,VictoriaLogs,Log Backend,Commercial + OSS,"High-performance logging; log-based tracing; trace ID linking","Logging with tracing correlation; cost-efficient",OpenTelemetry exporters,Go,Apache 2.0,https://victoriametrics.com/
