Tool Name,Category,Type,Language/Framework,Open Source,Primary Use Case,Key Features,Overhead,Learning Curve
flamegraph.pl,Flame Graph,Generator,Perl,Yes,Stack trace visualization,SVG output + interactive zooming + customizable titles,Minimal,Low
speedscope,Flame Graph,Visualizer,JavaScript/Web,Yes,Fast profile visualization,Web-based + large dataset handling + multiple input formats,None,Low
FlameScope,Flame Graph,Generator,Open-source,Yes,Subsecond heatmap analysis,Time range selection + temporal hotspot detection,Low,Medium
AI Flame Graphs,Flame Graph,Generator,Open-source,Yes,GPU profiling + full-stack analysis,CPU+GPU flame graphs + Intel GPU support + iaprof integration,Low (<5%),Medium
d3-flame-graph,Flame Graph,Visualizer,JavaScript/D3.js,Yes,Web app profiling,Interactive D3 library + zooming + toggles,None,Medium
Grafana Pyroscope,Flame Graph,Visualizer,Go/Web,Yes,Integrated flame graphs,AI-assisted interpretation + table views + drilldowns,None,Low
Pyroscope,Continuous Profiling,Platform,Go,Yes,Production profiling,Low-overhead sampling + tag-based filtering + profile comparison + OpenTelemetry,2-5%,Low
Parca,Continuous Profiling,Platform,Go,Yes,Infrastructure-wide profiling,eBPF agents + no instrumentation + columnar storage + auto-discovery,2-3%,Medium
Datadog,Continuous Profiling,Platform (SaaS),Multiple,No,Enterprise monitoring,Code-level profiling + APM + distributed tracing + anomaly detection,Managed,Low
New Relic,Continuous Profiling,Platform (SaaS),Multiple,No,Enterprise monitoring,Full-stack observability + code profiling + AI anomaly detection,Managed,Low
Grafana Pyroscope Server,Continuous Profiling,Platform,Go,Yes,Grafana-integrated profiling,Pull-based scraping + pprof endpoints + CNCF aligned,2-5%,Low
pprof (Go),Language Profiler,Profiler,Go,Yes,Go runtime profiling,Built-in HTTP endpoints + CPU/memory/goroutine + hardware PMU,1-2%,Low
go tool pprof,Language Profiler,Visualizer,Go,Yes,pprof analysis,Interactive mode + web UI + flame graphs + graph output,None,Low
cProfile,Language Profiler,Profiler,Python,Yes,Python performance analysis,Deterministic profiling + exact timing + call counts,5-15%,Low
snakeviz,Language Profiler,Visualizer,Python,Yes,cProfile visualization,Sunburst + treemap + web UI,None,Low
py-spy,Language Profiler,Profiler,Python,Yes,Production Python profiling,Sampling + no code changes + flame graph output,2-5%,Low
Node.js Inspector,Language Profiler,Profiler,Node.js,Yes,V8 runtime profiling,Chrome DevTools integration + CPU + heap profiling,Configurable,Low
clinic.js,Language Profiler,Profiler Suite,Node.js,Yes,Node.js diagnosis,Doctor + Flame + Bubbleprof tools + event loop analysis,Configurable,Medium
Java Flight Recorder,Language Profiler,Profiler,Java,Yes,JVM profiling,Event-based + method sampling + lock/GC/I/O tracking + low overhead,1-3%,Medium
Java Mission Control,Language Profiler,Visualizer,Java,Yes,JFR analysis,GUI tool + hotspot detection + GC analysis + thread analysis,None,Medium
stackprof,Language Profiler,Profiler,Ruby,Yes,Ruby CPU profiling,Signal-based sampling + production-safe + lightweight,1-3%,Low
memory_profiler,Language Profiler,Profiler,Ruby,Yes,Ruby memory analysis,Heap allocation tracking + memory-hungry code detection,Variable,Low
ruby-prof,Language Profiler,Profiler,Ruby,Yes,Ruby profiling suite,Flat + instrumented modes + multiple measurement types,5-10%,Low
Chrome DevTools,Browser Profiler,Profiler/Visualizer,JavaScript,Yes,Web performance,Timeline visualization + JS execution + rendering + network,None,Low
Firefox Profiler,Browser Profiler,Profiler/Visualizer,JavaScript,Yes,Web performance,JS stacks + rendering timeline + memory usage + flame graphs,None,Low
Xcode Instruments,System Profiler,Profiler Suite,Objective-C/Swift,Yes,iOS/macOS profiling,CPU + memory + energy + graphics + I/O templates + timeline,Low,Medium
bpftrace,System Profiler,Tracer,eBPF/Linux,Yes,Kernel + app tracing,High-level eBPF language + stack traces + histograms + aggregations,<1%,Hard
perf-top,System Profiler,Profiler,Linux,Yes,Real-time CPU profiling,Interactive mode + PMC visualization + flame graph output,<1%,Medium
perf,System Profiler,Profiler,Linux,Yes,System performance analysis,CPU + memory + cache + branch counters + flamegraph.pl compatible,<1%,Medium
eBPF Profilers,System Profiler,Framework,Linux,Yes,Kernel-space profiling,Minimal overhead + kernel + user space + dynamic tracing,<1%,Hard
Grafana Tempo,Tracing,Platform,Go,Yes,Distributed tracing,Trace-to-profile correlation + Pyroscope integration + span linking,Low,Medium
Jaeger,Tracing,Platform,Go,Yes,Distributed tracing,OpenTelemetry support + multi-backend + trace visualization,Low,Medium
OpenTelemetry,Tracing,Standard,Multiple,Yes,Universal observability,Profiling + tracing + metrics + logs + universal protocol,Low,Medium
SigNoz,Tracing/Observability,Platform,Go,Yes,Open-source observability,Traces + metrics + logs + profiling integration,Low,Medium
