Tool Name,Category,Type,Vendor,Open Source,Primary Use,Key Features,Language Support,Auto-Instrumentation,Cloud Provider Support,Self-Hosted,Typical Cost,Maturity Level,Primary Integration Points,Best For Scenario
OpenTelemetry Collector,Infrastructure,Telemetry Gateway,CNCF,Yes,Centralized trace/metric/log collection,Multi-protocol receiver;Processors for enrichment;Exporters for all backends,Multi-language,N/A,All,Yes,Free,Production-ready,OTLP;Jaeger;Zipkin;Splunk;Datadog;Loki,Vendor-neutral observability
Datadog APM,Commercial APM,Full-stack,Datadog,No,Enterprise application monitoring,Distributed tracing;Log aggregation;Infrastructure monitoring;AI anomaly detection,Multi-language,Yes,Native integration,Partial,Starts at $31/host,Market leader,Datadog ecosystem;AWS;GCP;Azure,Enterprise full-stack observability
New Relic,Commercial APM,Full-stack,New Relic,No,Developer-centric monitoring,APM + logs + metrics;NRQL custom queries;Infinite tracing,Multi-language,Yes,Native integration,Partial,Free up to 100GB/mo,Market leader,New Relic One;AWS;GCP;Azure,Unified platform for developers
Dynatrace,Commercial APM,Full-stack,Dynatrace,No,AI-powered enterprise monitoring,Davis AI;Auto-instrumentation;Topology mapping;Code-level insights,Multi-language,Yes,Native integration,No,Quote-based (enterprise),Gartner leader,Dynatrace platform;AWS;GCP;Azure,Enterprise scale + AI-driven insights
AppDynamics,Commercial APM,Full-stack,Cisco,No,Business transaction monitoring,Code-level insights;Dependency mapping;RUM;BizOps,Multi-language,Yes,Native integration,No,Quote-based (enterprise),Gartner leader,AppDynamics CMDB;AWS;GCP;Azure,Business transaction tracing
Splunk Observability,Commercial APM,Full-stack,Splunk,Partial,Large-scale analytics,NoSample full-fidelity tracing;AI anomaly detection;SPL querying,Multi-language,Yes,Native integration,No,Usage-based,Market leader,Splunk ecosystem;AWS;GCP;Azure,High-volume tracing + powerful querying
Elastic APM,Commercial APM,Full-stack,Elastic,Partial,Open-source stacks,Elastic Stack integration;Full tracing suite;Free basic version,Multi-language,Yes,Native integration,Yes,Free (basic) / $95+/mo (cloud),Mature,Elasticsearch;Kibana;Logstash;Beats,Open-source observability stack
Uptrace,Commercial/OSS,Distributed tracing,Uptrace,Yes,Scaling teams,Tracing + metrics + logs;ClickHouse storage;OTLP native,Multi-language,Partial,Cloud or self-hosted,Yes,Free / $30+/mo,Production-ready,OTLP;ClickHouse;Grafana,Cost-effective managed tracing
SigNoz,Commercial/OSS,Full observability,SigNoz,Yes,Self-hosted or managed,Traces + metrics + logs;Trace-log correlation;ClickHouse backend,Multi-language,Yes,Cloud or self-hosted,Yes,Free / Commercial,Production-ready,OTLP;ClickHouse;Grafana,Open-source alternative to Datadog
Honeycomb,Commercial APM,Specialized tracing,Honeycomb,No,High-cardinality debugging,Event analysis;Collaborative debugging;Adaptive sampling;Anomaly detection,Multi-language,Yes,Cloud only,No,Event-based pricing,Mature,OTLP;AWS;GCP;Azure,Debugging complex distributed systems
LightStep,Commercial APM,Specialized tracing,ServiceTitan,No,Microservices reliability,Deep trace analysis;Service discovery;RUM;Trace-to-source links,Multi-language,Yes,Cloud only,No,Quote-based,Enterprise-grade,OTLP;AWS;GCP;Azure,Microservices performance + reliability
Dash0,Commercial APM,OpenTelemetry-first,Dash0,No,Unified observability,OTLP native;Logs/traces/metrics unified;PromQL support,Multi-language,Yes,Cloud only,No,Commercial SaaS,Growing,OTLP;Prometheus;AWS;GCP,Portable observability (zero lock-in)
Contentsquare,Commercial APM,User experience,Contentsquare,No,RUM + distributed tracing,Session replay + tracing;Error tracking;Mobile/web,Web & Mobile,Yes (JavaScript),Cloud only,No,Commercial SaaS,Specialized,Browser API;CDN providers,User experience monitoring with tracing
Raygun APM,Commercial APM,Error tracking + RUM,Raygun,No,Real user monitoring,Frontend RUM + backend tracing;Crash analytics;Error grouping,Multi-language,Yes,Cloud only,No,Commercial SaaS,Mature,HTTP clients;AWS;GCP,End-to-end error tracking
Jaeger,Open-source,Distributed tracing,CNCF,Yes,High-scale self-managed,Service maps;Elasticsearch/Cassandra storage;CNCF standard,Multi-language,No,Self-hosted only,Yes,Free,Stable,OTLP;Cassandra;Elasticsearch;Kafka,Self-managed tracing backend
Zipkin,Open-source,Distributed tracing,Twitter,Yes,Lightweight tracing,Latency analysis;Polyglot support;Elasticsearch backend,Multi-language,No,Self-hosted only,Yes,Free,Mature,HTTP;Elasticsearch,Simple lightweight tracing
Grafana Tempo,Open-source,Tracing backend,Grafana,Yes,High-volume cost-efficient tracing,Object storage (S3/GCS);TraceQL queries;Prometheus integration,Multi-language,No,Self-hosted only,Yes,Free,Production-ready,OTLP;Jaeger;Zipkin;S3;GCS;Grafana,High-volume low-cost tracing
Pixie,Open-source/Commercial,eBPF observability,Pixie Labs,Yes,Kubernetes auto-profiling,eBPF-based;No agents required;Network profiling;Service maps,Multi-language,Yes (eBPF),Cloud or self-hosted,Yes,Free / Commercial,Stable,eBPF;Kubernetes;HTTP/gRPC,Kubernetes instant visibility without agents
OpenTelemetry Java Agent,Library,Auto-instrumentation,CNCF,Yes,Java automatic instrumentation,Zero-code changes;Spring/Quarkus/Micronaut support,Java,Yes,N/A,N/A,Free,Stable,OTLP;Jaeger;Zipkin,Modern Java tracing without code changes
OpenTelemetry Java SDK,Library,Manual instrumentation,CNCF,Yes,Java programmatic tracing,Fine-grained control;Span creation;Context propagation,Java,No,N/A,N/A,Free,Stable,OTLP;Jaeger;Zipkin,Java custom tracing logic
OpenTelemetry Python SDK,Library,Instrumentation,CNCF,Yes,Python tracing,Async/await support;FastAPI/Django integration,Python,Partial,N/A,N/A,Free,Stable,OTLP;Jaeger;Zipkin,Python application instrumentation
OpenTelemetry Python Auto,Library,Auto-instrumentation,CNCF,Yes,Python automatic instrumentation,Zero-code changes;Common libraries covered,Python,Yes,N/A,N/A,Free,Stable,OTLP;Jaeger;Zipkin,Python apps without instrumentation code
OpenTelemetry JS SDK,Library,Instrumentation,CNCF,Yes,JavaScript/Node.js tracing,Node.js + browser support;Express/Fastify/Nest.js,JavaScript,Partial,N/A,N/A,Free,Stable,OTLP;Jaeger;Zipkin,Node.js and browser applications
OpenTelemetry .NET SDK,Library,Instrumentation,CNCF,Yes,.NET application tracing,ASP.NET Core;EF Core;HTTP client instrumentation,C#/.NET,Yes,N/A,N/A,Free,Stable,OTLP;Jaeger;Zipkin,C# and .NET Framework apps
OpenTelemetry Go SDK,Library,Instrumentation,CNCF,Yes,Go application tracing,Goroutine-safe;Production-ready,Go,No,N/A,N/A,Free,Stable,OTLP;Jaeger;Zipkin,Go microservices
OpenTelemetry Ruby SDK,Library,Instrumentation,CNCF,Yes,Ruby application tracing,Rails integration;Production-ready,Ruby,No,N/A,N/A,Free,Stable,OTLP;Jaeger;Zipkin,Ruby on Rails applications
Spring Cloud Sleuth,Library,Distributed tracing,Spring,Yes,Spring Framework tracing,Spring ecosystem integration;Trace ID propagation,Java,No,N/A,N/A,Free,Deprecated,Zipkin;Spring Cloud,Legacy Spring applications (deprecated)
async-profiler,Library,Continuous profiling,Brendan Gregg,Yes,JVM performance profiling,Low-overhead sampling;Flame graphs;JFR generation,Java,Yes (JVM-level),N/A,N/A,Free,Mature,Parca;Grafana Pyroscope,Production JVM profiling
Java Flight Recorder,Library,Event profiling,Oracle,Yes,JVM diagnostic profiling,Built-in JDK;CPU/memory/GC events;Low overhead,Java,Yes (JVM-level),N/A,N/A,Free (JDK),Built-in,JMC;Pyroscope;Commercial APMs,Native JVM profiling
Grafana Pyroscope,Open-source,Continuous profiling,Grafana,Yes,Multi-language continuous profiling,Go/Python/Java/Rust/.NET;eBPF support;Flame graphs,Multi-language,Yes (partial),Self-hosted,Yes,Free,Production-ready,Grafana;pprof;eBPF,Kubernetes profiling with Grafana integration
Parca,Open-source,Continuous profiling,Parca Project,Yes,Cloud-native continuous profiling,eBPF-based;Columnar storage;Low overhead,Multi-language,Yes (eBPF),Self-hosted,Yes,Free,Stable,eBPF;Kubernetes;Grafana,High-scale Kubernetes profiling
Grafana Loki,Open-source,Log aggregation,Grafana,Yes,Cost-efficient log storage,Label-based indexing;LogQL;Loki integration,Multi-language,N/A,Self-hosted,Yes,Free,Mature,Fluent Bit;Logstash;Promtail;Grafana,Cost-efficient log aggregation
ELK Stack,Open-source,Log search/analytics,Elastic,Partial,Industry standard logging,Elasticsearch;Kibana;Lucene queries,Multi-language,N/A,Self-hosted,Yes,Free/Commercial,Mature,Beats;Logstash;Kibana;AWS,Enterprise log analytics
Splunk,Commercial,Log analytics,Splunk,No,Enterprise log search,Powerful SPL;Security focus;HEC for forwarding,Multi-language,N/A,Cloud or self-hosted,Yes,Commercial,Market leader,Splunk Forwarder;HTTP Event Collector,Enterprise logging and security
Graylog,Open-source,Log management,Graylog,Yes,Infrastructure logging,REST API;Role-based access;Pipeline routing,Multi-language,N/A,Self-hosted,Yes,Free/Commercial,Mature,Fluent Bit;Logstash;Graylog API,Infrastructure-centric log management
Prometheus,Open-source,Metrics platform,CNCF,Yes,Industry standard metrics,Time-series;PromQL;Kubernetes-native,Multi-language,N/A,Self-hosted,Yes,Free,Industry standard,Grafana;Alertmanager;Pushgateway,Metrics foundation for observability
Grafana,Open-source,Visualization,Grafana,Yes,Observability dashboards,Multi-source;Alerting;Plugins;Dashboard sharing,N/A,N/A,Self-hosted,Yes,Free/Commercial,Industry standard,Prometheus;Loki;Tempo;Elasticsearch,Unified visualization for observability
Fluent Bit,Open-source,Log forwarder,CNCF,Yes,Lightweight log forwarding,Container-friendly;50+ outputs;Minimal overhead,Multi-language,N/A,Self-hosted,Yes,Free,Mature,Elasticsearch;Loki;Splunk;Datadog;Grafana,Container log forwarding
FluentD,Open-source,Log collector,CNCF,Yes,Enterprise log routing,500+ plugins;Flexible filtering;Robust,Multi-language,N/A,Self-hosted,Yes,Free,Mature,All major platforms,Complex log transformation
Logstash,Open-source,Log processing,Elastic,Yes,Complex log transformation,JDBC input;Grok patterns;ELK native integration,Multi-language,N/A,Self-hosted,Yes,Free,Mature,Elasticsearch;Kafka;HTTP,Log enrichment and routing
Grafana Alloy,Open-source,OpenTelemetry distributor,Grafana,Yes,Composable observability,OTLP distribution;PromQL support;Pipeline composition,Multi-language,N/A,Self-hosted,Yes,Free,New (Grafana 11),Prometheus;Loki;Tempo;OTLP,Zero vendor lock-in observability
AWS X-Ray,Cloud native,Distributed tracing,AWS,No,AWS application tracing,Service maps;Sampling rules;CloudWatch integration,Multi-language,Yes,AWS only,No,Pay-per-trace,Production-ready,Lambda;EC2;ECS;API Gateway;CloudWatch,AWS-native distributed tracing
AWS Application Signals,Cloud native,APM,AWS,No,AWS application performance,Application performance insights;Service mapping,Multi-language,Yes,AWS only,No,Included in CloudWatch,Emerging,CloudWatch;CodeGuru Profiler,Newer AWS APM solution
Google Cloud Trace,Cloud native,Distributed tracing,GCP,No,GCP application tracing,Performance tracing;Cloud Profiler integration,Multi-language,Yes,GCP only,No,Pay-per-traces,Production-ready,Cloud Logging;Cloud Monitoring;Cloud Profiler,GCP-native tracing
Azure Application Insights,Cloud native,APM,Microsoft,No,Azure application monitoring,Request tracing;Live metrics;Code profiling,Multi-language,Yes,Azure only,No,Usage-based,Production-ready,Azure Monitor;Azure DevOps,Azure ecosystem APM
Sentry,Commercial,Error tracking + APM,Sentry,Partial,Exception tracking and monitoring,Error tracking;Release monitoring;Trace integration,Multi-language,Yes,Cloud or self-hosted,Yes,Free/Commercial,Mature,SDKs;Alert services;Issue trackers,Error tracking with performance monitoring
Loggly,Commercial,Cloud logging,Splunk,No,Cloud log aggregation,SaaS log management;Trace context propagation,Multi-language,N/A,Cloud only,No,Commercial SaaS,Mature,Syslog;HTTP;Splunk,SaaS log aggregation
Sumo Logic,Commercial,Cloud observability,Sumo Logic,No,Enterprise log + metric + trace,Full observability stack;OTLP native;Powerful queries,Multi-language,N/A,Cloud only,No,Commercial SaaS,Enterprise-grade,OTLP;AWS;GCP;Azure,Enterprise unified observability
BetterStack,Commercial,Infrastructure observability,Better Stack,No,Status pages + logging,Status pages;Uptime monitoring;Log management,Multi-language,N/A,Cloud only,No,Free/Commercial,Growing,AWS;Azure;Infrastructure services,Developer-friendly infrastructure monitoring
Groundcover,Commercial/OSS,Kubernetes observability,Groundcover,Yes,Container-native tracing,eBPF-based;Container insights;OpenTelemetry export,Multi-language,Yes (eBPF),Cloud or self-hosted,Yes,Free/Commercial,Emerging,Kubernetes;Docker;OTLP,Kubernetes without instrumentation overhead
ClickHouse,Open-source,Analytics database,ClickHouse,Yes,Trace storage and analytics,Sub-second SQL;Columnar format;Massive scale,N/A,N/A,Self-hosted,Yes,Free/Commercial,Production-ready,OTLP;Grafana;Uptrace,High-performance trace analytics
OpenSearch,Open-source,Trace storage,AWS,Yes,ELK alternative,Trace storage;Self-managed;Apache 2.0 license,N/A,N/A,Self-hosted,Yes,Free,Mature,Fluentd;Logstash;Beats,Elasticsearch alternative for tracing
Grafana Beyla,Open-source,eBPF auto-instrumentation,Grafana,Yes,Cross-language tracing,HTTP/gRPC profiling;No code changes;Network analysis,Multi-language,Yes (eBPF),Self-hosted,Yes,Free,Emerging,Grafana;Prometheus;OTLP,Language-agnostic instrumentation via eBPF
