Tool/Framework,Category,Type,Best For,Key Features,Pricing,Open Source,Primary Language/Platform,Maturity
OpenTelemetry Collector,Observability Framework,Telemetry Gateway,Vendor-neutral trace collection,Log/metric/trace ingestion; processors; exporters,Free,Yes,Multi-language,Production-ready
Datadog APM,Commercial APM,Full-stack APM,Enterprise microservices,Distributed tracing; logs; metrics; infrastructure monitoring,Starts at $31/host,No,Multi-language,Market leader
New Relic,Commercial APM,Full-stack APM,Unified developer platform,APM + logs + metrics; NRQL querying; infinite tracing,Free up to 100GB/mo,No,Multi-language,Market leader
Dynatrace,Commercial APM,Full-stack APM,AI-powered enterprise,Davis AI; auto-instrumentation; topology mapping,Quote-based,No,Multi-language,Gartner leader
AppDynamics,Commercial APM,Full-stack APM,Business transaction monitoring,Code-level insights; dependency mapping; RUM,Quote-based,No,Multi-language,Gartner leader
Splunk Observability,Commercial APM,Full-stack APM,Large-scale analytics,NoSample full-fidelity tracing; AI anomaly detection,Usage-based,Partial,Multi-language,Market leader
Elastic APM,Commercial APM,Full-stack APM,Open-source stacks,Elastic Stack integration; free basic version,Free+/95/mo,Partial,Multi-language,Mature
Uptrace,Commercial/OSS,Distributed tracing,Scaling teams,Tracing + metrics + logs; ClickHouse storage,Free/30+ per month,Yes,Multi-language,Production-ready
SigNoz,Commercial/OSS,Full observability,Self-hosted or managed,Traces + metrics + logs; trace-log correlation; ClickHouse,Free/self-hosted,Yes,Multi-language,Production-ready
Honeycomb,Commercial APM,Specialized tracing,High-cardinality debugging,Event analysis; collaborative debugging; adaptive sampling,Commercial SaaS,No,Multi-language,Mature
LightStep,Commercial APM,Specialized tracing,Microservices reliability,Deep trace analysis; service discovery; RUM,Commercial SaaS,No,Multi-language,Enterprise-grade
Dash0,Commercial APM,OpenTelemetry-first,Unified observability,OTLP-native; logs/traces/metrics; PromQL,Commercial SaaS,No,Multi-language,Growing
Contentsquare,Commercial APM,User experience,RUM + tracing,Distributed tracing + session replay + error tracking,Commercial SaaS,No,Web/Mobile,Specialized
Raygun APM,Commercial APM,Error tracking + RUM,User experience monitoring,Frontend + distributed tracing,Commercial SaaS,No,Multi-language,Mature
Jaeger,Open-source,Distributed tracing,Self-managed tracing,High-scale backend; Elasticsearch/Cassandra storage; CNCF,Free,Yes,Multi-language,Stable
Zipkin,Open-source,Distributed tracing,Small to medium teams,Lightweight system; latency analysis; polyglot,Free,Yes,Multi-language,Mature
Grafana Tempo,Open-source,Tracing backend,High-volume tracing,Object storage backend; TraceQL; cost-efficient,Free,Yes,Multi-language,Production-ready
Pixie,Open-source/Commercial,eBPF observability,Kubernetes auto-profiling,CPU/memory/network profiles; instant visibility; no agents,Free/Commercial,Yes,Multi-language,Stable
OpenTelemetry Java Agent,Library,Auto-instrumentation,Java applications,Automatic instrumentation; zero code changes; Spring/Quarkus,Free,Yes,Java,Stable
OpenTelemetry Java SDK,Library,Manual instrumentation,Java applications,Programmatic span creation; trace propagation,Free,Yes,Java,Stable
OpenTelemetry Python SDK,Library,Instrumentation,Python applications,Official SDK; async support; FastAPI/Django integration,Free,Yes,Python,Stable
OpenTelemetry Python Auto,Library,Auto-instrumentation,Python applications,Automatic instrumentation for common libraries,Free,Yes,Python,Stable
OpenTelemetry JS SDK,Library,Instrumentation,JavaScript/Node.js,Node.js + browser support; Express/Fastify integration,Free,Yes,JavaScript,Stable
OpenTelemetry .NET SDK,Library,Instrumentation,.NET applications,ASP.NET Core; EF Core; HTTP client instrumentation,Free,Yes,.NET,Stable
OpenTelemetry Go SDK,Library,Instrumentation,Go applications,Goroutine-safe; production-ready,Free,Yes,Go,Stable
OpenTelemetry Ruby SDK,Library,Instrumentation,Ruby applications,Rails integration; production-ready,Free,Yes,Ruby,Stable
Spring Cloud Sleuth,Library,Distributed tracing,Spring applications,Spring Framework integration; trace ID propagation; deprecated,Free,Yes,Java,Deprecated
async-profiler,Library,Continuous profiling,JVM applications,Low-overhead sampling; flame graphs; production-friendly,Free,Yes,Java,Mature
Java Flight Recorder (JFR),Library,Event profiling,JVM applications,Built-in JDK; CPU/memory/GC events; native support,Free (JDK),Yes,Java,Built-in
Grafana Pyroscope,Open-source,Continuous profiling,Kubernetes profiling,Multi-language; eBPF; Grafana integration,Free,Yes,Multi-language,Production-ready
Parca,Open-source,Continuous profiling,Cloud-native profiling,eBPF-based; columnar storage; low overhead,Free,Yes,Multi-language,Stable
Grafana Loki,Open-source,Log aggregation,Cost-efficient logging,Label-based indexing; LogQL; Tempo integration,Free,Yes,Multi-language,Mature
ELK Stack,Open-source,Log search/analytics,Industry standard logging,Elasticsearch; Kibana; Lucene queries,Free,Yes,Multi-language,Mature
Splunk,Commercial,Log analytics,Enterprise logging,Powerful SPL; security focus; tracing integration,Commercial,No,Multi-language,Market leader
Graylog,Open-source,Log management,Infrastructure logging,REST API; role-based access; pipeline routing,Free/Commercial,Yes,Multi-language,Mature
Prometheus,Open-source,Metrics platform,Industry standard metrics,Time-series; PromQL; Kubernetes-native,Free,Yes,Multi-language,Industry standard
Grafana,Open-source,Visualization,Dashboards + alerts,Multi-source support; alerting; plugins,Free/Commercial,Yes,Multi-language,Industry standard
Fluent Bit,Open-source,Log forwarder,Lightweight forwarding,Container-friendly; minimal overhead; 50+ outputs,Free,Yes,Multi-language,Mature
FluentD,Open-source,Log collector,Enterprise log routing,500+ plugins; flexible filtering; robust,Free,Yes,Multi-language,Mature
Logstash,Open-source,Log processing,Complex transformations,JDBC input; Grok patterns; ELK integration,Free,Yes,Multi-language,Mature
Grafana Alloy,Open-source,OpenTelemetry distributor,Grafana stack,Composable pipelines; zero lock-in; PromQL,Free,Yes,Multi-language,New (Grafana 11)
AWS X-Ray,Cloud native,Distributed tracing,AWS applications,Service maps; sampling rules; CloudWatch integration,Pay-per-trace,No,Multi-language,Production-ready
Google Cloud Trace,Cloud native,Distributed tracing,GCP applications,Performance tracing; Cloud Profiler integration,Pay-per-traces,No,Multi-language,Production-ready
Azure Application Insights,Cloud native,APM,Azure applications,Request tracing; live metrics; Azure Monitor,Usage-based,No,Multi-language,Production-ready
AWS Application Signals,Cloud native,APM,AWS applications,Application performance insights; newer X-Ray,Included in CloudWatch,No,Multi-language,Emerging
Sentry,Commercial,Error tracking + APM,Exception tracking,Error tracking; release monitoring; trace integration,Free/Commercial,Partial,Multi-language,Mature
Loggly,Commercial,Cloud logging,SaaS log aggregation,Trace context propagation; cloud-native,Commercial,No,Multi-language,Mature
Sumo Logic,Commercial,Cloud observability,Enterprise logging,Logs + metrics + traces; OTLP native,Commercial,No,Multi-language,Enterprise-grade
BetterStack,Commercial,Infrastructure observability,Status pages + logging,Status pages; uptime monitoring; log management,Free/Commercial,No,Multi-language,Growing
Groundcover,Commercial/OSS,Kubernetes observability,Container-native tracing,eBPF-based; container insights,Free/Commercial,Yes,Multi-language,Emerging
ClickHouse,Open-source,Analytics database,Trace storage/analytics,Sub-second SQL; columnar format; massive scale,Free,Yes,Multi-language,Production-ready
OpenSearch,Open-source,Trace storage,ELK alternative,Trace storage; self-managed; Apache 2.0,Free,Yes,Multi-language,Mature
Grafana Beyla,Open-source,eBPF auto-instrumentation,Cross-language tracing,HTTP/gRPC profiling; no code changes,Free,Yes,Multi-language,Emerging
OpenTracing,Standard,Instrumentation API,Legacy applications,Vendor-neutral tracing API; deprecated,Free,Yes,Multi-language,Deprecated
Zipkin Protocol,Standard,Tracing protocol,Legacy tracing,JSON HTTP protocol; Zipkin ecosystem,Free,Yes,Multi-language,Legacy standard
Jaeger Protocol,Standard,Tracing protocol,Jaeger ecosystem,gRPC/HTTP protocol; Jaeger-specific,Free,Yes,Multi-language,Stable standard
OTLP,Standard,Tracing protocol,Modern tracing (85% adoption),HTTP/gRPC; vendor-neutral; CNCF standard,Free,Yes,Multi-language,Industry standard
Prometheus Remote Write,Standard,Metrics protocol,Prometheus ecosystem,Time-series protocol; pull-based,Free,Yes,Multi-language,Industry standard
W3C Trace Context,Standard,Header propagation,Trace context propagation,Standard trace ID headers; vendor-agnostic,Free,Yes,Multi-language,Web standard
